<?xml version="1.0" encoding="UTF-8"?>
<OpenModelicaModelDescription
  xmlns:exp="https://svn.jmodelica.org/trunk/XML/daeExpressions.xsd"
  xmlns:equ="https://svn.jmodelica.org/trunk/XML/daeEquations.xsd"
  xmlns:fun="https://svn.jmodelica.org/trunk/XML/daeFunctions.xsd"
  xmlns:opt="https://svn.jmodelica.org/trunk/XML/daeOptimization.xsd"
  xmlns:xsi="http://www.w3.org/2001/XMLSchema-instance"
  fmiVersion="1.0"
  modelName="BouncingBall"
  modelIdentifier="BouncingBall"
  guid="{d9444bee-d04e-4bd2-b495-4cb5033d941d}"
  generationDateAndTime="2020-10-22T21:39:57"
  variableNamingConvention="structured"
  numberOfContinuousStates="2"
  numberOfEventIndicators="2"
  >
  
  <VendorAnnotations>
    <Tool name="OpenModelica Compiler OpenModelica 1.16.0~dev.beta4"> </Tool>
  </VendorAnnotations>

  <DefaultExperiment startTime="0.0" stopTime="1.0" tolerance="1e-06" />

  <ModelVariables>
    <ScalarVariable name="h" description="Height" valueReference="0" variability="continuous" causality="internal" alias="noAlias">
      <Real    unit="m" />
      <QualifiedName>
        <exp:QualifiedNamePart name="h"/>
      </QualifiedName>
    <isLinearTimedVariables>
      <TimePoint index="0" isLinear="true"/>
    </isLinearTimedVariables>
      <VariableCategory>state</VariableCategory>
    </ScalarVariable> 

    <ScalarVariable name="v" description="Velocity" valueReference="1" variability="continuous" causality="internal" alias="noAlias">
      <Real start="0.0" fixed="true"   unit="m/s" />
      <QualifiedName>
        <exp:QualifiedNamePart name="v"/>
      </QualifiedName>
    <isLinearTimedVariables>
      <TimePoint index="0" isLinear="true"/>
    </isLinearTimedVariables>
      <VariableCategory>state</VariableCategory>
    </ScalarVariable> 
    <ScalarVariable name="der(h)" description="der(Height)" valueReference="2" variability="continuous" causality="internal" alias="noAlias">
      <Real    unit="m.s-1" />
      <QualifiedName>
        <exp:QualifiedNamePart name="h"/>
      </QualifiedName>
    <isLinearTimedVariables>
      <TimePoint index="0" isLinear="true"/>
    </isLinearTimedVariables>
      <VariableCategory>derivative</VariableCategory>
    </ScalarVariable> 

    <ScalarVariable name="der(v)" description="der(Velocity)" valueReference="3" variability="continuous" causality="internal" alias="noAlias">
      <Real    unit="m.s-2" />
      <QualifiedName>
        <exp:QualifiedNamePart name="v"/>
      </QualifiedName>
    <isLinearTimedVariables>
      <TimePoint index="0" isLinear="true"/>
    </isLinearTimedVariables>
      <VariableCategory>derivative</VariableCategory>
    </ScalarVariable> 
    <ScalarVariable name="$whenCondition1" description="h &lt; 0.0" valueReference="4" variability="discrete" causality="internal" alias="noAlias">
      <Boolean />
      <QualifiedName>
        <exp:QualifiedNamePart name="$whenCondition1"/>
      </QualifiedName>
    <isLinearTimedVariables>
      <TimePoint index="0" isLinear="true"/>
    </isLinearTimedVariables>
      <VariableCategory>algebraic</VariableCategory>
    </ScalarVariable> 

    <ScalarVariable name="$whenCondition2" description="h &lt; -0.001" valueReference="5" variability="discrete" causality="internal" alias="noAlias">
      <Boolean />
      <QualifiedName>
        <exp:QualifiedNamePart name="$whenCondition2"/>
      </QualifiedName>
    <isLinearTimedVariables>
      <TimePoint index="0" isLinear="true"/>
    </isLinearTimedVariables>
      <VariableCategory>algebraic</VariableCategory>
    </ScalarVariable> 

    <ScalarVariable name="done" description="Flag when to turn off gravity" valueReference="6" variability="discrete" causality="internal" alias="noAlias">
      <Boolean />
      <QualifiedName>
        <exp:QualifiedNamePart name="done"/>
      </QualifiedName>
    <isLinearTimedVariables>
      <TimePoint index="0" isLinear="true"/>
    </isLinearTimedVariables>
      <VariableCategory>algebraic</VariableCategory>
    </ScalarVariable> 
    <ScalarVariable name="e" description="Coefficient of restitution" valueReference="7" variability="parameter" causality="parameter" alias="noAlias">
      <Real start="0.8" fixed="true"    />
      <QualifiedName>
        <exp:QualifiedNamePart name="e"/>
      </QualifiedName>
    <isLinearTimedVariables>
      <TimePoint index="0" isLinear="true"/>
    </isLinearTimedVariables>
      <VariableCategory>independentParameter</VariableCategory>
    </ScalarVariable> 

    <ScalarVariable name="h0" description="Initial height" valueReference="8" variability="parameter" causality="parameter" alias="noAlias">
      <Real start="1.0" fixed="true"   unit="m" />
      <QualifiedName>
        <exp:QualifiedNamePart name="h0"/>
      </QualifiedName>
    <isLinearTimedVariables>
      <TimePoint index="0" isLinear="true"/>
    </isLinearTimedVariables>
      <VariableCategory>independentParameter</VariableCategory>
    </ScalarVariable> 
    <ScalarVariable name="eps" description="Small height" valueReference="9" variability="constant" causality="internal" alias="noAlias">
      <Real    unit="m" />
      <QualifiedName>
        <exp:QualifiedNamePart name="eps"/>
      </QualifiedName>
    <isLinearTimedVariables>
      <TimePoint index="0" isLinear="true"/>
    </isLinearTimedVariables>
      <VariableCategory>independentConstant</VariableCategory>
    </ScalarVariable> 
  </ModelVariables>

  <equ:BindingEquations>
    <equ:BindingEquation>
      <equ:Parameter>
        <exp:QualifiedNamePart name="e"/>
      </equ:Parameter>
      <equ:BindingExp>
        <exp:RealLiteral>0.8</exp:RealLiteral>
      </equ:BindingExp>
    </equ:BindingEquation>

    <equ:BindingEquation>
      <equ:Parameter>
        <exp:QualifiedNamePart name="h0"/>
      </equ:Parameter>
      <equ:BindingExp>
        <exp:RealLiteral>1.0</exp:RealLiteral>
      </equ:BindingExp>
    </equ:BindingEquation>
  </equ:BindingEquations>

  <equ:DynamicEquations>
    <equ:Equation>
      <exp:Sub>
        <exp:Identifier>
          <exp:QualifiedNamePart name="$whenCondition2"/>
        </exp:Identifier>
        <exp:LogLt>
          <exp:Identifier>
            <exp:QualifiedNamePart name="h"/>
          </exp:Identifier>
          <exp:RealLiteral>-0.001</exp:RealLiteral>
        </exp:LogLt>
      </exp:Sub>
    </equ:Equation>  
    <equ:Equation>
      <exp:Sub>
        <exp:Identifier>
          <exp:QualifiedNamePart name="$whenCondition1"/>
        </exp:Identifier>
        <exp:LogLt>
          <exp:Identifier>
            <exp:QualifiedNamePart name="h"/>
          </exp:Identifier>
          <exp:RealLiteral>0.0</exp:RealLiteral>
        </exp:LogLt>
      </exp:Sub>
    </equ:Equation>  
    <equ:Equation>
      <exp:Sub>
        <exp:Der>
          <exp:Identifier>
            <exp:QualifiedNamePart name="v"/>
          </exp:Identifier>
        </exp:Der>
        <fun:If>
          <fun:Condition>
            <exp:Identifier>
              <exp:QualifiedNamePart name="done"/>
            </exp:Identifier>
          </fun:Condition>
          <fun:Statements>
            <exp:RealLiteral>0.0</exp:RealLiteral>
          </fun:Statements>
          <fun:Else>
            <exp:RealLiteral>-9.81</exp:RealLiteral>
          </fun:Else>
        </fun:If>
      </exp:Sub>
    </equ:Equation>  
    <equ:Equation>
      <exp:Sub>
        <exp:Der>
          <exp:Identifier>
            <exp:QualifiedNamePart name="h"/>
          </exp:Identifier>
        </exp:Der>
        <exp:Identifier>
          <exp:QualifiedNamePart name="v"/>
        </exp:Identifier>
      </exp:Sub>
    </equ:Equation>  
    <equ:When>
      <equ:Condition>
        <exp:Identifier>
          <exp:QualifiedNamePart name="$whenCondition2"/>
        </exp:Identifier>
        <exp:Identifier>
          <exp:QualifiedNamePart name="$whenCondition1"/>
        </exp:Identifier>
      </equ:Condition>
      <equ:Equation>
          <exp:Sub>
            <exp:Identifier>
              <exp:QualifiedNamePart name="done"/>
            </exp:Identifier>
            <exp:LogLt>
              <exp:Identifier>
                <exp:QualifiedNamePart name="h"/>
              </exp:Identifier>
              <exp:RealLiteral>-0.001</exp:RealLiteral>
            </exp:LogLt>
          </exp:Sub>
      </equ:Equation>
    </equ:When>
    <equ:When>
      <equ:Condition>
        <exp:Identifier>
          <exp:QualifiedNamePart name="$whenCondition2"/>
        </exp:Identifier>
        <exp:Identifier>
          <exp:QualifiedNamePart name="$whenCondition1"/>
        </exp:Identifier>
      </equ:Condition>
      <equ:Equation>
        <exp:Reinit>
          <exp:Identifier>
            <exp:QualifiedNamePart name="v"/>
          </exp:Identifier>
          <exp:Mul>
              <exp:Neg>
                <exp:Identifier>
                  <exp:QualifiedNamePart name="e"/>
                </exp:Identifier>
              </exp:Neg>
            <fun:If>
              <fun:Condition>
                <exp:LogLt>
                  <exp:Identifier>
                    <exp:QualifiedNamePart name="h"/>
                  </exp:Identifier>
                  <exp:RealLiteral>-0.001</exp:RealLiteral>
                </exp:LogLt>
              </fun:Condition>
              <fun:Statements>
                <exp:RealLiteral>0.0</exp:RealLiteral>
              </fun:Statements>
              <fun:Else>
                <exp:Pre>
                  <exp:Identifier>
                    <exp:QualifiedNamePart name="v"/>
                  </exp:Identifier>
                </exp:Pre>
              </fun:Else>
            </fun:If>
          </exp:Mul>
        </exp:Reinit>
      </equ:Equation>
    </equ:When>
  </equ:DynamicEquations>

  <equ:InitialEquations>
    <equ:Equation>
      <exp:Sub>
        <exp:Identifier>
          <exp:QualifiedNamePart name="v"/>
        </exp:Identifier>
        <exp:RealLiteral>0.0</exp:RealLiteral>
      </exp:Sub>
    </equ:Equation>
    <equ:Equation>
      <exp:Sub>
        <exp:Identifier>
          <exp:QualifiedNamePart name="v"/>
        </exp:Identifier>
        <exp:Identifier>
          <exp:QualifiedNamePart name="$START"/>
          <exp:QualifiedNamePart name="v"/>
        </exp:Identifier>
      </exp:Sub>
    </equ:Equation>  
    <equ:Equation>
      <exp:Sub>
        <exp:Identifier>
          <exp:QualifiedNamePart name="$PRE"/>
          <exp:QualifiedNamePart name="v"/>
        </exp:Identifier>
        <exp:Identifier>
          <exp:QualifiedNamePart name="v"/>
        </exp:Identifier>
      </exp:Sub>
    </equ:Equation>  
    <equ:Equation>
      <exp:Sub>
         
      </exp:Sub>
    </equ:Equation>  
    <equ:Equation>
      <exp:Sub>
        <exp:Identifier>
          <exp:QualifiedNamePart name="done"/>
        </exp:Identifier>
        <exp:BooleanLiteral>0</exp:BooleanLiteral>
      </exp:Sub>
    </equ:Equation>  
    <equ:Equation>
      <exp:Sub>
        <exp:Identifier>
          <exp:QualifiedNamePart name="$PRE"/>
          <exp:QualifiedNamePart name="done"/>
        </exp:Identifier>
        <exp:Identifier>
          <exp:QualifiedNamePart name="done"/>
        </exp:Identifier>
      </exp:Sub>
    </equ:Equation>  
    <equ:Equation>
      <exp:Sub>
         
      </exp:Sub>
    </equ:Equation>  
    <equ:Equation>
      <exp:Sub>
        <exp:Identifier>
          <exp:QualifiedNamePart name="h"/>
        </exp:Identifier>
        <exp:Identifier>
          <exp:QualifiedNamePart name="h0"/>
        </exp:Identifier>
      </exp:Sub>
    </equ:Equation>  
    <equ:Equation>
      <exp:Sub>
         
      </exp:Sub>
    </equ:Equation>  
    <equ:Equation>
      <exp:Sub>
         
      </exp:Sub>
    </equ:Equation>  
  </equ:InitialEquations>

  <fun:Algorithm>
  </fun:Algorithm>

  <fun:RecordsList>
  </fun:RecordsList>

  <fun:FunctionsList>
  </fun:FunctionsList>

  <opt:Optimization>
    <opt:TimePoints>
      <opt:TimePoint  >
      </opt:TimePoint>
    </opt:TimePoints>
    <opt:PathConstraints>
    </opt:PathConstraints>
  </opt:Optimization>

</OpenModelicaModelDescription>