<?xml version="1.0" encoding="UTF-8"?>
<OpenModelicaModelDescription
  xmlns:exp="https://svn.jmodelica.org/trunk/XML/daeExpressions.xsd"
  xmlns:equ="https://svn.jmodelica.org/trunk/XML/daeEquations.xsd"
  xmlns:fun="https://svn.jmodelica.org/trunk/XML/daeFunctions.xsd"
  xmlns:opt="https://svn.jmodelica.org/trunk/XML/daeOptimization.xsd"
  xmlns:xsi="http://www.w3.org/2001/XMLSchema-instance"
  fmiVersion="1.0"
  modelName="MyModel"
  modelIdentifier="MyModel"
  guid="{18582dc0-c5be-4f5e-9545-bce0f66b971d}"
  generationDateAndTime="2020-10-25T00:18:05"
  variableNamingConvention="structured"
  numberOfContinuousStates="4"
  numberOfEventIndicators="0"
  >
  
  <VendorAnnotations>
    <Tool name="OpenModelica Compiler OpenModelica 1.16.0~dev.beta4"> </Tool>
  </VendorAnnotations>

  <DefaultExperiment startTime="0.0" stopTime="1.0" tolerance="1e-06" />

  <ModelVariables>
    <ScalarVariable name="Params.a"  valueReference="0" variability="continuous" causality="internal" alias="noAlias">
      <Real     />
      <QualifiedName>
        <exp:QualifiedNamePart name="Params"/>
        <exp:QualifiedNamePart name="a"/>
      </QualifiedName>
    <isLinearTimedVariables>
      <TimePoint index="0" isLinear="true"/>
    </isLinearTimedVariables>
      <VariableCategory>state</VariableCategory>
    </ScalarVariable> 

    <ScalarVariable name="Params.b"  valueReference="1" variability="continuous" causality="internal" alias="noAlias">
      <Real     />
      <QualifiedName>
        <exp:QualifiedNamePart name="Params"/>
        <exp:QualifiedNamePart name="b"/>
      </QualifiedName>
    <isLinearTimedVariables>
      <TimePoint index="0" isLinear="true"/>
    </isLinearTimedVariables>
      <VariableCategory>state</VariableCategory>
    </ScalarVariable> 

    <ScalarVariable name="myclass.x"  valueReference="2" variability="continuous" causality="internal" alias="noAlias">
      <Real     />
      <QualifiedName>
        <exp:QualifiedNamePart name="myclass"/>
        <exp:QualifiedNamePart name="x"/>
      </QualifiedName>
    <isLinearTimedVariables>
      <TimePoint index="0" isLinear="true"/>
    </isLinearTimedVariables>
      <VariableCategory>state</VariableCategory>
    </ScalarVariable> 

    <ScalarVariable name="myclass.y"  valueReference="3" variability="continuous" causality="internal" alias="noAlias">
      <Real     />
      <QualifiedName>
        <exp:QualifiedNamePart name="myclass"/>
        <exp:QualifiedNamePart name="y"/>
      </QualifiedName>
    <isLinearTimedVariables>
      <TimePoint index="0" isLinear="true"/>
    </isLinearTimedVariables>
      <VariableCategory>state</VariableCategory>
    </ScalarVariable> 
    <ScalarVariable name="der(Params.a)"  valueReference="4" variability="continuous" causality="internal" alias="noAlias">
      <Real     />
      <QualifiedName>
        <exp:QualifiedNamePart name="Params"/>
        <exp:QualifiedNamePart name="a"/>
      </QualifiedName>
    <isLinearTimedVariables>
      <TimePoint index="0" isLinear="true"/>
    </isLinearTimedVariables>
      <VariableCategory>derivative</VariableCategory>
    </ScalarVariable> 

    <ScalarVariable name="der(Params.b)"  valueReference="5" variability="continuous" causality="internal" alias="noAlias">
      <Real     />
      <QualifiedName>
        <exp:QualifiedNamePart name="Params"/>
        <exp:QualifiedNamePart name="b"/>
      </QualifiedName>
    <isLinearTimedVariables>
      <TimePoint index="0" isLinear="true"/>
    </isLinearTimedVariables>
      <VariableCategory>derivative</VariableCategory>
    </ScalarVariable> 

    <ScalarVariable name="der(myclass.x)"  valueReference="6" variability="continuous" causality="internal" alias="noAlias">
      <Real     />
      <QualifiedName>
        <exp:QualifiedNamePart name="myclass"/>
        <exp:QualifiedNamePart name="x"/>
      </QualifiedName>
    <isLinearTimedVariables>
      <TimePoint index="0" isLinear="true"/>
    </isLinearTimedVariables>
      <VariableCategory>derivative</VariableCategory>
    </ScalarVariable> 

    <ScalarVariable name="der(myclass.y)"  valueReference="7" variability="continuous" causality="internal" alias="noAlias">
      <Real     />
      <QualifiedName>
        <exp:QualifiedNamePart name="myclass"/>
        <exp:QualifiedNamePart name="y"/>
      </QualifiedName>
    <isLinearTimedVariables>
      <TimePoint index="0" isLinear="true"/>
    </isLinearTimedVariables>
      <VariableCategory>derivative</VariableCategory>
    </ScalarVariable> 
    <ScalarVariable name="$cse1"  valueReference="8" variability="continuous" causality="internal" alias="noAlias">
      <Real     />
      <QualifiedName>
        <exp:QualifiedNamePart name="$cse1"/>
      </QualifiedName>
    <isLinearTimedVariables>
      <TimePoint index="0" isLinear="true"/>
    </isLinearTimedVariables>
      <VariableCategory>algebraic</VariableCategory>
    </ScalarVariable> 

    <ScalarVariable name="myclass.z"  valueReference="9" variability="continuous" causality="internal" alias="noAlias">
      <Real     />
      <QualifiedName>
        <exp:QualifiedNamePart name="myclass"/>
        <exp:QualifiedNamePart name="z"/>
      </QualifiedName>
    <isLinearTimedVariables>
      <TimePoint index="0" isLinear="true"/>
    </isLinearTimedVariables>
      <VariableCategory>algebraic</VariableCategory>
    </ScalarVariable> 
    <ScalarVariable name="myclass.a"  valueReference="10" variability="continuous" causality="internal" alias="Params.a">
      <Real     />
      <QualifiedName>
        <exp:QualifiedNamePart name="myclass"/>
        <exp:QualifiedNamePart name="a"/>
      </QualifiedName>
    <isLinearTimedVariables>
      <TimePoint index="0" isLinear="true"/>
    </isLinearTimedVariables>
      <VariableCategory>algebraic</VariableCategory>
    </ScalarVariable> 

    <ScalarVariable name="myclass.b"  valueReference="11" variability="continuous" causality="internal" alias="Params.b">
      <Real     />
      <QualifiedName>
        <exp:QualifiedNamePart name="myclass"/>
        <exp:QualifiedNamePart name="b"/>
      </QualifiedName>
    <isLinearTimedVariables>
      <TimePoint index="0" isLinear="true"/>
    </isLinearTimedVariables>
      <VariableCategory>algebraic</VariableCategory>
    </ScalarVariable> 
  </ModelVariables>

  <equ:BindingEquations>
  </equ:BindingEquations>

  <equ:DynamicEquations>
    <equ:Equation>
      <exp:Sub>
        <exp:Identifier>
          <exp:QualifiedNamePart name="$cse1"/>
        </exp:Identifier>
        <exp:FunctionCall>
          <exp:Name>
            <exp:QualifiedNamePart name="Functions"/>
            <exp:QualifiedNamePart name="pow"/>
          </exp:Name>
          <exp:Arguments>
            <exp:RealLiteral>2.68</exp:RealLiteral>
            <exp:Identifier>
              <exp:QualifiedNamePart name="myclass"/>
              <exp:QualifiedNamePart name="x"/>
            </exp:Identifier>
          </exp:Arguments>
        </exp:FunctionCall>
      </exp:Sub>
    </equ:Equation>  
    <equ:Equation>
      <exp:Sub>
        <exp:Der>
          <exp:Identifier>
            <exp:QualifiedNamePart name="Params"/>
            <exp:QualifiedNamePart name="a"/>
          </exp:Identifier>
        </exp:Der>
        <exp:RealLiteral>0.0</exp:RealLiteral>
      </exp:Sub>
    </equ:Equation>  
    <equ:Equation>
      <exp:Sub>
        <exp:Der>
          <exp:Identifier>
            <exp:QualifiedNamePart name="Params"/>
            <exp:QualifiedNamePart name="b"/>
          </exp:Identifier>
        </exp:Der>
        <exp:RealLiteral>0.0</exp:RealLiteral>
      </exp:Sub>
    </equ:Equation>  
    <equ:Equation>
      <exp:Sub>
        <exp:Der>
          <exp:Identifier>
            <exp:QualifiedNamePart name="myclass"/>
            <exp:QualifiedNamePart name="x"/>
          </exp:Identifier>
        </exp:Der>
        <exp:Mul>
          <exp:Identifier>
            <exp:QualifiedNamePart name="$cse1"/>
          </exp:Identifier>
          <exp:Mul>
            <exp:Identifier>
              <exp:QualifiedNamePart name="Params"/>
              <exp:QualifiedNamePart name="a"/>
            </exp:Identifier>
            <exp:Identifier>
              <exp:QualifiedNamePart name="myclass"/>
              <exp:QualifiedNamePart name="y"/>
            </exp:Identifier>
          </exp:Mul>
        </exp:Mul>
      </exp:Sub>
    </equ:Equation>  
    <equ:Equation>
      <exp:Sub>
        <exp:Der>
          <exp:Identifier>
            <exp:QualifiedNamePart name="myclass"/>
            <exp:QualifiedNamePart name="y"/>
          </exp:Identifier>
        </exp:Der>
        <exp:Mul>
          <exp:Identifier>
            <exp:QualifiedNamePart name="Params"/>
            <exp:QualifiedNamePart name="b"/>
          </exp:Identifier>
          <exp:Identifier>
            <exp:QualifiedNamePart name="myclass"/>
            <exp:QualifiedNamePart name="x"/>
          </exp:Identifier>
        </exp:Mul>
      </exp:Sub>
    </equ:Equation>  
     
  </equ:DynamicEquations>

  <equ:InitialEquations>
    <equ:Equation>
      <exp:Sub>
        <exp:Identifier>
          <exp:QualifiedNamePart name="myclass"/>
          <exp:QualifiedNamePart name="y"/>
        </exp:Identifier>
        <exp:RealLiteral>2.0</exp:RealLiteral>
      </exp:Sub>
    </equ:Equation>  
    <equ:Equation>
      <exp:Sub>
        <exp:Identifier>
          <exp:QualifiedNamePart name="myclass"/>
          <exp:QualifiedNamePart name="x"/>
        </exp:Identifier>
        <exp:RealLiteral>1.0</exp:RealLiteral>
      </exp:Sub>
    </equ:Equation>  
    <equ:Equation>
      <exp:Sub>
        <exp:Identifier>
          <exp:QualifiedNamePart name="Params"/>
          <exp:QualifiedNamePart name="b"/>
        </exp:Identifier>
        <exp:RealLiteral>0.785</exp:RealLiteral>
      </exp:Sub>
    </equ:Equation>  
    <equ:Equation>
      <exp:Sub>
         
      </exp:Sub>
    </equ:Equation>  
    <equ:Equation>
      <exp:Sub>
        <exp:Identifier>
          <exp:QualifiedNamePart name="Params"/>
          <exp:QualifiedNamePart name="a"/>
        </exp:Identifier>
        <exp:RealLiteral>0.0246</exp:RealLiteral>
      </exp:Sub>
    </equ:Equation>  
    <equ:Equation>
      <exp:Sub>
        <exp:Der>
          <exp:Identifier>
            <exp:QualifiedNamePart name="myclass"/>
            <exp:QualifiedNamePart name="x"/>
          </exp:Identifier>
        </exp:Der>
        <exp:Mul>
          <exp:FunctionCall>
            <exp:Name>
              <exp:QualifiedNamePart name="Functions"/>
              <exp:QualifiedNamePart name="pow"/>
            </exp:Name>
            <exp:Arguments>
              <exp:RealLiteral>2.68</exp:RealLiteral>
              <exp:Identifier>
                <exp:QualifiedNamePart name="myclass"/>
                <exp:QualifiedNamePart name="x"/>
              </exp:Identifier>
            </exp:Arguments>
          </exp:FunctionCall>
          <exp:Mul>
            <exp:Identifier>
              <exp:QualifiedNamePart name="Params"/>
              <exp:QualifiedNamePart name="a"/>
            </exp:Identifier>
            <exp:Identifier>
              <exp:QualifiedNamePart name="myclass"/>
              <exp:QualifiedNamePart name="y"/>
            </exp:Identifier>
          </exp:Mul>
        </exp:Mul>
      </exp:Sub>
    </equ:Equation>  
    <equ:Equation>
      <exp:Sub>
         
      </exp:Sub>
    </equ:Equation>  
    <equ:Equation>
      <exp:Sub>
         
      </exp:Sub>
    </equ:Equation>  
     
  </equ:InitialEquations>

  <fun:Algorithm>
    <fun:Assign>
      <exp:Identifier>
        <exp:QualifiedNamePart name="myclass"/>
        <exp:QualifiedNamePart name="z"/>
      </exp:Identifier>
      <fun:Expression>
        <exp:Identifier>
          <exp:QualifiedNamePart name="$START"/>
          <exp:QualifiedNamePart name="myclass"/>
          <exp:QualifiedNamePart name="z"/>
        </exp:Identifier>
      </fun:Expression>
    </fun:Assign>
    <fun:Assign>
      <exp:Identifier>
        <exp:QualifiedNamePart name="myclass"/>
        <exp:QualifiedNamePart name="z"/>
      </exp:Identifier>
      <fun:Expression>
        <exp:Div>
          <exp:Identifier>
            <exp:QualifiedNamePart name="myclass"/>
            <exp:QualifiedNamePart name="x"/>
          </exp:Identifier>
          <exp:Identifier>
            <exp:QualifiedNamePart name="myclass"/>
            <exp:QualifiedNamePart name="y"/>
          </exp:Identifier>
        </exp:Div>
      </fun:Expression>
    </fun:Assign>
  </fun:Algorithm>

  <fun:RecordsList>
  </fun:RecordsList>

  <fun:FunctionsList>
    <fun:Function>
      <fun:Name>
        <exp:QualifiedNamePart name="Functions"/>
        <exp:QualifiedNamePart name="pow"/>
      </fun:Name>
      <fun:OutputVariable type="Real">
        <fun:Name>
          <exp:QualifiedNamePart name="y"/>
        </fun:Name>
      </fun:OutputVariable>
      <fun:InputVariable type="Real">
        <fun:Name>
          <exp:QualifiedNamePart name="x"/>
        </fun:Name>
      </fun:InputVariable>
      <fun:InputVariable type="Real">
        <fun:Name>
          <exp:QualifiedNamePart name="power"/>
        </fun:Name>
      </fun:InputVariable>
      <fun:Algorithm>
        <fun:Assign>
          <exp:Identifier>
            <exp:QualifiedNamePart name="y"/>
          </exp:Identifier>
          <fun:Expression>
            <exp:Pow>
              <exp:Identifier>
                <exp:QualifiedNamePart name="x"/>
              </exp:Identifier>
              <exp:Identifier>
                <exp:QualifiedNamePart name="power"/>
              </exp:Identifier>
            </exp:Pow>
          </fun:Expression>
        </fun:Assign>
      </fun:Algorithm>
    </fun:Function> 
  </fun:FunctionsList>


</OpenModelicaModelDescription>