<?xml version="1.0" encoding="UTF-8"?>
<OpenModelicaModelDescription
  xmlns:exp="https://svn.jmodelica.org/trunk/XML/daeExpressions.xsd"
  xmlns:equ="https://svn.jmodelica.org/trunk/XML/daeEquations.xsd"
  xmlns:fun="https://svn.jmodelica.org/trunk/XML/daeFunctions.xsd"
  xmlns:opt="https://svn.jmodelica.org/trunk/XML/daeOptimization.xsd"
  xmlns:xsi="http://www.w3.org/2001/XMLSchema-instance"
  fmiVersion="1.0"
  modelName="system"
  modelIdentifier="system"
  guid="{826eab7d-cf35-411d-8a37-4218a5fc6841}"
  generationDateAndTime="2020-10-23T13:20:13"
  variableNamingConvention="structured"
  numberOfContinuousStates="1"
  numberOfEventIndicators="1"
  >
  
  <VendorAnnotations>
    <Tool name="OpenModelica Compiler OpenModelica 1.16.0~dev.beta4"> </Tool>
  </VendorAnnotations>

  <DefaultExperiment startTime="0.0" stopTime="1.0" tolerance="1e-06" />

  <ModelVariables>
    <ScalarVariable name="plantt.x"  valueReference="0" variability="continuous" causality="internal" alias="noAlias">
      <Real     />
      <QualifiedName>
        <exp:QualifiedNamePart name="plantt"/>
        <exp:QualifiedNamePart name="x"/>
      </QualifiedName>
    <isLinearTimedVariables>
      <TimePoint index="0" isLinear="true"/>
    </isLinearTimedVariables>
      <VariableCategory>state</VariableCategory>
    </ScalarVariable> 
    <ScalarVariable name="der(plantt.x)"  valueReference="1" variability="continuous" causality="internal" alias="noAlias">
      <Real     />
      <QualifiedName>
        <exp:QualifiedNamePart name="plantt"/>
        <exp:QualifiedNamePart name="x"/>
      </QualifiedName>
    <isLinearTimedVariables>
      <TimePoint index="0" isLinear="true"/>
    </isLinearTimedVariables>
      <VariableCategory>derivative</VariableCategory>
    </ScalarVariable> 
    <ScalarVariable name="$cse1"  valueReference="2" variability="continuous" causality="internal" alias="noAlias">
      <Real     />
      <QualifiedName>
        <exp:QualifiedNamePart name="$cse1"/>
      </QualifiedName>
    <isLinearTimedVariables>
      <TimePoint index="0" isLinear="true"/>
    </isLinearTimedVariables>
      <VariableCategory>algebraic</VariableCategory>
    </ScalarVariable> 

    <ScalarVariable name="ctr.Delta"  valueReference="3" variability="continuous" causality="internal" alias="noAlias">
      <Real     />
      <QualifiedName>
        <exp:QualifiedNamePart name="ctr"/>
        <exp:QualifiedNamePart name="Delta"/>
      </QualifiedName>
    <isLinearTimedVariables>
      <TimePoint index="0" isLinear="true"/>
    </isLinearTimedVariables>
      <VariableCategory>algebraic</VariableCategory>
    </ScalarVariable> 

    <ScalarVariable name="ctr.HiVal"  valueReference="4" variability="continuous" causality="internal" alias="noAlias">
      <Real     />
      <QualifiedName>
        <exp:QualifiedNamePart name="ctr"/>
        <exp:QualifiedNamePart name="HiVal"/>
      </QualifiedName>
    <isLinearTimedVariables>
      <TimePoint index="0" isLinear="true"/>
    </isLinearTimedVariables>
      <VariableCategory>algebraic</VariableCategory>
    </ScalarVariable> 

    <ScalarVariable name="ctr.LoVal"  valueReference="5" variability="continuous" causality="internal" alias="noAlias">
      <Real     />
      <QualifiedName>
        <exp:QualifiedNamePart name="ctr"/>
        <exp:QualifiedNamePart name="LoVal"/>
      </QualifiedName>
    <isLinearTimedVariables>
      <TimePoint index="0" isLinear="true"/>
    </isLinearTimedVariables>
      <VariableCategory>algebraic</VariableCategory>
    </ScalarVariable> 

    <ScalarVariable name="d"  valueReference="6" variability="continuous" causality="internal" alias="noAlias">
      <Real     />
      <QualifiedName>
        <exp:QualifiedNamePart name="d"/>
      </QualifiedName>
    <isLinearTimedVariables>
      <TimePoint index="0" isLinear="true"/>
    </isLinearTimedVariables>
      <VariableCategory>algebraic</VariableCategory>
    </ScalarVariable> 
    <ScalarVariable name="ctr.sensor"  valueReference="7" variability="discrete" causality="internal" alias="noAlias">
      <Real     />
      <QualifiedName>
        <exp:QualifiedNamePart name="ctr"/>
        <exp:QualifiedNamePart name="sensor"/>
      </QualifiedName>
    <isLinearTimedVariables>
      <TimePoint index="0" isLinear="true"/>
    </isLinearTimedVariables>
      <VariableCategory>algebraic</VariableCategory>
    </ScalarVariable> 
    <ScalarVariable name="ctr.u"  valueReference="8" variability="discrete" causality="internal" alias="noAlias">
      <Integer   />
      <QualifiedName>
        <exp:QualifiedNamePart name="ctr"/>
        <exp:QualifiedNamePart name="u"/>
      </QualifiedName>
    <isLinearTimedVariables>
      <TimePoint index="0" isLinear="true"/>
    </isLinearTimedVariables>
      <VariableCategory>algebraic</VariableCategory>
    </ScalarVariable> 
    <ScalarVariable name="$whenCondition1" description="sample(1, 0.0, ctr.T)" valueReference="9" variability="discrete" causality="internal" alias="noAlias">
      <Boolean start="1" fixed="true"/>
      <QualifiedName>
        <exp:QualifiedNamePart name="$whenCondition1"/>
      </QualifiedName>
    <isLinearTimedVariables>
      <TimePoint index="0" isLinear="true"/>
    </isLinearTimedVariables>
      <VariableCategory>algebraic</VariableCategory>
    </ScalarVariable> 

    <ScalarVariable name="$whenCondition2" description="monitorr.z and not pre(monitorr.z)" valueReference="10" variability="discrete" causality="internal" alias="noAlias">
      <Boolean />
      <QualifiedName>
        <exp:QualifiedNamePart name="$whenCondition2"/>
      </QualifiedName>
    <isLinearTimedVariables>
      <TimePoint index="0" isLinear="true"/>
    </isLinearTimedVariables>
      <VariableCategory>algebraic</VariableCategory>
    </ScalarVariable> 

    <ScalarVariable name="monitorr.y"  valueReference="11" variability="discrete" causality="internal" alias="noAlias">
      <Boolean />
      <QualifiedName>
        <exp:QualifiedNamePart name="monitorr"/>
        <exp:QualifiedNamePart name="y"/>
      </QualifiedName>
    <isLinearTimedVariables>
      <TimePoint index="0" isLinear="true"/>
    </isLinearTimedVariables>
      <VariableCategory>algebraic</VariableCategory>
    </ScalarVariable> 

    <ScalarVariable name="monitorr.z"  valueReference="12" variability="discrete" causality="internal" alias="noAlias">
      <Boolean />
      <QualifiedName>
        <exp:QualifiedNamePart name="monitorr"/>
        <exp:QualifiedNamePart name="z"/>
      </QualifiedName>
    <isLinearTimedVariables>
      <TimePoint index="0" isLinear="true"/>
    </isLinearTimedVariables>
      <VariableCategory>algebraic</VariableCategory>
    </ScalarVariable> 
    <ScalarVariable name="ctr.x"  valueReference="13" variability="continuous" causality="internal" alias="plantt.x">
      <Real     />
      <QualifiedName>
        <exp:QualifiedNamePart name="ctr"/>
        <exp:QualifiedNamePart name="x"/>
      </QualifiedName>
    <isLinearTimedVariables>
      <TimePoint index="0" isLinear="true"/>
    </isLinearTimedVariables>
      <VariableCategory>algebraic</VariableCategory>
    </ScalarVariable> 

    <ScalarVariable name="monitorr.x"  valueReference="14" variability="continuous" causality="internal" alias="plantt.x">
      <Real     />
      <QualifiedName>
        <exp:QualifiedNamePart name="monitorr"/>
        <exp:QualifiedNamePart name="x"/>
      </QualifiedName>
    <isLinearTimedVariables>
      <TimePoint index="0" isLinear="true"/>
    </isLinearTimedVariables>
      <VariableCategory>algebraic</VariableCategory>
    </ScalarVariable> 

    <ScalarVariable name="plantt.d"  valueReference="15" variability="continuous" causality="internal" alias="d">
      <Real     />
      <QualifiedName>
        <exp:QualifiedNamePart name="plantt"/>
        <exp:QualifiedNamePart name="d"/>
      </QualifiedName>
    <isLinearTimedVariables>
      <TimePoint index="0" isLinear="true"/>
    </isLinearTimedVariables>
      <VariableCategory>algebraic</VariableCategory>
    </ScalarVariable> 
    <ScalarVariable name="plantt.u"  valueReference="16" variability="discrete" causality="internal" alias="ctr.u">
      <Integer   />
      <QualifiedName>
        <exp:QualifiedNamePart name="plantt"/>
        <exp:QualifiedNamePart name="u"/>
      </QualifiedName>
    <isLinearTimedVariables>
      <TimePoint index="0" isLinear="true"/>
    </isLinearTimedVariables>
      <VariableCategory>algebraic</VariableCategory>
    </ScalarVariable> 
    <ScalarVariable name="ctr.T"  valueReference="17" variability="parameter" causality="parameter" alias="noAlias">
      <Real start="0.1" fixed="true"    />
      <QualifiedName>
        <exp:QualifiedNamePart name="ctr"/>
        <exp:QualifiedNamePart name="T"/>
      </QualifiedName>
    <isLinearTimedVariables>
      <TimePoint index="0" isLinear="true"/>
    </isLinearTimedVariables>
      <VariableCategory>independentParameter</VariableCategory>
    </ScalarVariable> 

    <ScalarVariable name="ctr.k.HiTval"  valueReference="18" variability="parameter" causality="parameter" alias="noAlias">
      <Real start="500.0" fixed="true"    />
      <QualifiedName>
        <exp:QualifiedNamePart name="ctr"/>
        <exp:QualifiedNamePart name="k"/>
        <exp:QualifiedNamePart name="HiTval"/>
      </QualifiedName>
    <isLinearTimedVariables>
      <TimePoint index="0" isLinear="true"/>
    </isLinearTimedVariables>
      <VariableCategory>independentParameter</VariableCategory>
    </ScalarVariable> 

    <ScalarVariable name="ctr.k.LoTval"  valueReference="19" variability="parameter" causality="parameter" alias="noAlias">
      <Real start="300.0" fixed="true"    />
      <QualifiedName>
        <exp:QualifiedNamePart name="ctr"/>
        <exp:QualifiedNamePart name="k"/>
        <exp:QualifiedNamePart name="LoTval"/>
      </QualifiedName>
    <isLinearTimedVariables>
      <TimePoint index="0" isLinear="true"/>
    </isLinearTimedVariables>
      <VariableCategory>independentParameter</VariableCategory>
    </ScalarVariable> 

    <ScalarVariable name="plantt.a"  valueReference="20" variability="parameter" causality="parameter" alias="noAlias">
      <Real start="10.0" fixed="true"    />
      <QualifiedName>
        <exp:QualifiedNamePart name="plantt"/>
        <exp:QualifiedNamePart name="a"/>
      </QualifiedName>
    <isLinearTimedVariables>
      <TimePoint index="0" isLinear="true"/>
    </isLinearTimedVariables>
      <VariableCategory>independentParameter</VariableCategory>
    </ScalarVariable> 

    <ScalarVariable name="plantt.b"  valueReference="21" variability="parameter" causality="parameter" alias="noAlias">
      <Real start="1.0" fixed="true"    />
      <QualifiedName>
        <exp:QualifiedNamePart name="plantt"/>
        <exp:QualifiedNamePart name="b"/>
      </QualifiedName>
    <isLinearTimedVariables>
      <TimePoint index="0" isLinear="true"/>
    </isLinearTimedVariables>
      <VariableCategory>independentParameter</VariableCategory>
    </ScalarVariable> 

    <ScalarVariable name="plantt.x0"  valueReference="22" variability="parameter" causality="parameter" alias="noAlias">
      <Real start="400.0" fixed="true"    />
      <QualifiedName>
        <exp:QualifiedNamePart name="plantt"/>
        <exp:QualifiedNamePart name="x0"/>
      </QualifiedName>
    <isLinearTimedVariables>
      <TimePoint index="0" isLinear="true"/>
    </isLinearTimedVariables>
      <VariableCategory>independentParameter</VariableCategory>
    </ScalarVariable> 
  </ModelVariables>

  <equ:BindingEquations>
    <equ:BindingEquation>
      <equ:Parameter>
        <exp:QualifiedNamePart name="ctr"/>
        <exp:QualifiedNamePart name="T"/>
      </equ:Parameter>
      <equ:BindingExp>
        <exp:RealLiteral>0.1</exp:RealLiteral>
      </equ:BindingExp>
    </equ:BindingEquation>

    <equ:BindingEquation>
      <equ:Parameter>
        <exp:QualifiedNamePart name="ctr"/>
        <exp:QualifiedNamePart name="k"/>
        <exp:QualifiedNamePart name="HiTval"/>
      </equ:Parameter>
      <equ:BindingExp>
        <exp:RealLiteral>500.0</exp:RealLiteral>
      </equ:BindingExp>
    </equ:BindingEquation>

    <equ:BindingEquation>
      <equ:Parameter>
        <exp:QualifiedNamePart name="ctr"/>
        <exp:QualifiedNamePart name="k"/>
        <exp:QualifiedNamePart name="LoTval"/>
      </equ:Parameter>
      <equ:BindingExp>
        <exp:RealLiteral>300.0</exp:RealLiteral>
      </equ:BindingExp>
    </equ:BindingEquation>

    <equ:BindingEquation>
      <equ:Parameter>
        <exp:QualifiedNamePart name="plantt"/>
        <exp:QualifiedNamePart name="a"/>
      </equ:Parameter>
      <equ:BindingExp>
        <exp:RealLiteral>10.0</exp:RealLiteral>
      </equ:BindingExp>
    </equ:BindingEquation>

    <equ:BindingEquation>
      <equ:Parameter>
        <exp:QualifiedNamePart name="plantt"/>
        <exp:QualifiedNamePart name="b"/>
      </equ:Parameter>
      <equ:BindingExp>
        <exp:RealLiteral>1.0</exp:RealLiteral>
      </equ:BindingExp>
    </equ:BindingEquation>

    <equ:BindingEquation>
      <equ:Parameter>
        <exp:QualifiedNamePart name="plantt"/>
        <exp:QualifiedNamePart name="x0"/>
      </equ:Parameter>
      <equ:BindingExp>
        <exp:RealLiteral>400.0</exp:RealLiteral>
      </equ:BindingExp>
    </equ:BindingEquation>
  </equ:BindingEquations>

  <equ:DynamicEquations>
    <equ:Equation>
      <exp:Sub>
        <exp:Identifier>
          <exp:QualifiedNamePart name="$cse1"/>
        </exp:Identifier>
        <exp:Sin>
          <exp:Mul>
            <exp:RealLiteral>6.28</exp:RealLiteral>
            <exp:Time>time</exp:Time>
          </exp:Mul>
        </exp:Sin>
      </exp:Sub>
    </equ:Equation>  
    <equ:Equation>
      <exp:Sub>
        <exp:Identifier>
          <exp:QualifiedNamePart name="$whenCondition1"/>
        </exp:Identifier>
        <exp:Sample>
          <exp:IntegerLiteral>1</exp:IntegerLiteral>
          <exp:RealLiteral>0.0</exp:RealLiteral>
          <exp:Identifier>
            <exp:QualifiedNamePart name="ctr"/>
            <exp:QualifiedNamePart name="T"/>
          </exp:Identifier>
        </exp:Sample>
      </exp:Sub>
    </equ:Equation>  
    <equ:Equation>
      <exp:Sub>
        <exp:Identifier>
          <exp:QualifiedNamePart name="monitorr"/>
          <exp:QualifiedNamePart name="z"/>
        </exp:Identifier>
        <exp:LogGeq>
          <exp:Identifier>
            <exp:QualifiedNamePart name="plantt"/>
            <exp:QualifiedNamePart name="x"/>
          </exp:Identifier>
          <exp:RealLiteral>405.0</exp:RealLiteral>
        </exp:LogGeq>
        <exp:LogLeq>
          <exp:Identifier>
            <exp:QualifiedNamePart name="plantt"/>
            <exp:QualifiedNamePart name="x"/>
          </exp:Identifier>
          <exp:RealLiteral>395.0</exp:RealLiteral>
        </exp:LogLeq> 
      </exp:Sub>
    </equ:Equation>  
    <equ:Equation>
      <exp:Sub>
        <exp:Identifier>
          <exp:QualifiedNamePart name="d"/>
        </exp:Identifier>
        <exp:Mul>
          <exp:RealLiteral>200.0</exp:RealLiteral>
          <exp:Identifier>
            <exp:QualifiedNamePart name="$cse1"/>
          </exp:Identifier>
        </exp:Mul>
      </exp:Sub>
    </equ:Equation>  
    <equ:Equation>
      <exp:Sub>
        <exp:Der>
          <exp:Identifier>
            <exp:QualifiedNamePart name="plantt"/>
            <exp:QualifiedNamePart name="x"/>
          </exp:Identifier>
        </exp:Der>
        <exp:Add>
          <exp:Mul>
            <exp:Identifier>
              <exp:QualifiedNamePart name="ctr"/>
              <exp:QualifiedNamePart name="u"/>
            </exp:Identifier>
            <exp:Identifier>
              <exp:QualifiedNamePart name="plantt"/>
              <exp:QualifiedNamePart name="a"/>
            </exp:Identifier>
          </exp:Mul>
          <exp:Sub>
            <exp:Identifier>
              <exp:QualifiedNamePart name="d"/>
            </exp:Identifier>
            <exp:Identifier>
              <exp:QualifiedNamePart name="plantt"/>
              <exp:QualifiedNamePart name="b"/>
            </exp:Identifier>
          </exp:Sub>
        </exp:Add>
      </exp:Sub>
    </equ:Equation>  
     
    <equ:When>
      <equ:Condition>
        <exp:Identifier>
          <exp:QualifiedNamePart name="$whenCondition1"/>
        </exp:Identifier>
      </equ:Condition>
      <equ:Equation>
          <exp:Sub>
            <exp:Identifier>
              <exp:QualifiedNamePart name="ctr"/>
              <exp:QualifiedNamePart name="sensor"/>
            </exp:Identifier>
            <exp:FunctionCall>
              <exp:Name>
                <exp:QualifiedNamePart name="ad"/>
              </exp:Name>
              <exp:Arguments>
                <exp:RealLiteral>0.4</exp:RealLiteral>
                <exp:RealLiteral>350.0</exp:RealLiteral>
                <exp:RealLiteral>450.0</exp:RealLiteral>
                <exp:Identifier>
                  <exp:QualifiedNamePart name="plantt"/>
                  <exp:QualifiedNamePart name="x"/>
                </exp:Identifier>
              </exp:Arguments>
            </exp:FunctionCall>
          </exp:Sub>
      </equ:Equation>
    </equ:When>
    <equ:When>
      <equ:Condition>
        <exp:Identifier>
          <exp:QualifiedNamePart name="$whenCondition1"/>
        </exp:Identifier>
      </equ:Condition>
      <equ:Equation>
          <exp:Sub>
            <exp:Identifier>
              <exp:QualifiedNamePart name="ctr"/>
              <exp:QualifiedNamePart name="u"/>
            </exp:Identifier>
            <fun:If>
              <fun:Condition>
                <exp:LogLeq>
                  <exp:Identifier>
                    <exp:QualifiedNamePart name="ctr"/>
                    <exp:QualifiedNamePart name="sensor"/>
                  </exp:Identifier>
                  <exp:RealLiteral>399.0</exp:RealLiteral>
                </exp:LogLeq> 
              </fun:Condition>
              <fun:Statements>
                <exp:IntegerLiteral>1</exp:IntegerLiteral>
              </fun:Statements>
              <fun:Else>
                <fun:If>
                  <fun:Condition>
                    <exp:LogGeq>
                      <exp:Identifier>
                        <exp:QualifiedNamePart name="ctr"/>
                        <exp:QualifiedNamePart name="sensor"/>
                      </exp:Identifier>
                      <exp:RealLiteral>401.0</exp:RealLiteral>
                    </exp:LogGeq>
                  </fun:Condition>
                  <fun:Statements>
                    <exp:IntegerLiteral>0</exp:IntegerLiteral>
                  </fun:Statements>
                  <fun:Else>
                    <exp:Pre>
                      <exp:Identifier>
                        <exp:QualifiedNamePart name="ctr"/>
                        <exp:QualifiedNamePart name="u"/>
                      </exp:Identifier>
                    </exp:Pre>
                  </fun:Else>
                </fun:If>
              </fun:Else>
            </fun:If>
          </exp:Sub>
      </equ:Equation>
    </equ:When>
  </equ:DynamicEquations>

  <equ:InitialEquations>
    <equ:Equation>
      <exp:Sub>
        <exp:Identifier>
          <exp:QualifiedNamePart name="$whenCondition1"/>
        </exp:Identifier>
        <exp:BooleanLiteral>1</exp:BooleanLiteral>
      </exp:Sub>
    </equ:Equation>
    <equ:Equation>
      <exp:Sub>
        <exp:Identifier>
          <exp:QualifiedNamePart name="ctr"/>
          <exp:QualifiedNamePart name="Delta"/>
        </exp:Identifier>
        <exp:RealLiteral>0.4</exp:RealLiteral>
      </exp:Sub>
    </equ:Equation>  
    <equ:Equation>
      <exp:Sub>
        <exp:Identifier>
          <exp:QualifiedNamePart name="ctr"/>
          <exp:QualifiedNamePart name="LoVal"/>
        </exp:Identifier>
        <exp:RealLiteral>350.0</exp:RealLiteral>
      </exp:Sub>
    </equ:Equation>  
    <equ:Equation>
      <exp:Sub>
        <exp:Identifier>
          <exp:QualifiedNamePart name="ctr"/>
          <exp:QualifiedNamePart name="HiVal"/>
        </exp:Identifier>
        <exp:RealLiteral>450.0</exp:RealLiteral>
      </exp:Sub>
    </equ:Equation>  
    <equ:Equation>
      <exp:Sub>
        <exp:Identifier>
          <exp:QualifiedNamePart name="d"/>
        </exp:Identifier>
        <exp:Mul>
          <exp:RealLiteral>200.0</exp:RealLiteral>
          <exp:Sin>
            <exp:Mul>
              <exp:RealLiteral>6.28</exp:RealLiteral>
              <exp:Time>time</exp:Time>
            </exp:Mul>
          </exp:Sin>
        </exp:Mul>
      </exp:Sub>
    </equ:Equation>  
    <equ:Equation>
      <exp:Sub>
        <exp:Identifier>
          <exp:QualifiedNamePart name="ctr"/>
          <exp:QualifiedNamePart name="u"/>
        </exp:Identifier>
        <exp:RealLiteral>0.0</exp:RealLiteral>
      </exp:Sub>
    </equ:Equation>  
    <equ:Equation>
      <exp:Sub>
        <exp:Identifier>
          <exp:QualifiedNamePart name="$PRE"/>
          <exp:QualifiedNamePart name="ctr"/>
          <exp:QualifiedNamePart name="u"/>
        </exp:Identifier>
        <exp:Identifier>
          <exp:QualifiedNamePart name="ctr"/>
          <exp:QualifiedNamePart name="u"/>
        </exp:Identifier>
      </exp:Sub>
    </equ:Equation>  
    <equ:Equation>
      <exp:Sub>
         
      </exp:Sub>
    </equ:Equation>  
    <equ:Equation>
      <exp:Sub>
        <exp:Identifier>
          <exp:QualifiedNamePart name="$PRE"/>
          <exp:QualifiedNamePart name="monitorr"/>
          <exp:QualifiedNamePart name="z"/>
        </exp:Identifier>
        <exp:BooleanLiteral>0</exp:BooleanLiteral>
      </exp:Sub>
    </equ:Equation>  
    <equ:Equation>
      <exp:Sub>
        <exp:Identifier>
          <exp:QualifiedNamePart name="plantt"/>
          <exp:QualifiedNamePart name="x"/>
        </exp:Identifier>
        <exp:Identifier>
          <exp:QualifiedNamePart name="plantt"/>
          <exp:QualifiedNamePart name="x0"/>
        </exp:Identifier>
      </exp:Sub>
    </equ:Equation>  
    <equ:Equation>
      <exp:Sub>
         
      </exp:Sub>
    </equ:Equation>  
    <equ:Equation>
      <exp:Sub>
        <exp:Identifier>
          <exp:QualifiedNamePart name="$whenCondition1"/>
        </exp:Identifier>
        <exp:BooleanLiteral>0</exp:BooleanLiteral>
      </exp:Sub>
    </equ:Equation>  
    <equ:Equation>
      <exp:Sub>
        <exp:Identifier>
          <exp:QualifiedNamePart name="$PRE"/>
          <exp:QualifiedNamePart name="ctr"/>
          <exp:QualifiedNamePart name="sensor"/>
        </exp:Identifier>
        <exp:Identifier>
          <exp:QualifiedNamePart name="$START"/>
          <exp:QualifiedNamePart name="ctr"/>
          <exp:QualifiedNamePart name="sensor"/>
        </exp:Identifier>
      </exp:Sub>
    </equ:Equation>  
    <equ:Equation>
      <exp:Sub>
        <exp:Identifier>
          <exp:QualifiedNamePart name="ctr"/>
          <exp:QualifiedNamePart name="sensor"/>
        </exp:Identifier>
        <exp:Identifier>
          <exp:QualifiedNamePart name="$PRE"/>
          <exp:QualifiedNamePart name="ctr"/>
          <exp:QualifiedNamePart name="sensor"/>
        </exp:Identifier>
      </exp:Sub>
    </equ:Equation>  
    <equ:Equation>
      <exp:Sub>
        <exp:Identifier>
          <exp:QualifiedNamePart name="monitorr"/>
          <exp:QualifiedNamePart name="y"/>
        </exp:Identifier>
        <exp:BooleanLiteral>0</exp:BooleanLiteral>
      </exp:Sub>
    </equ:Equation>  
    <equ:Equation>
      <exp:Sub>
        <exp:Identifier>
          <exp:QualifiedNamePart name="$PRE"/>
          <exp:QualifiedNamePart name="monitorr"/>
          <exp:QualifiedNamePart name="y"/>
        </exp:Identifier>
        <exp:Identifier>
          <exp:QualifiedNamePart name="monitorr"/>
          <exp:QualifiedNamePart name="y"/>
        </exp:Identifier>
      </exp:Sub>
    </equ:Equation>  
     
  </equ:InitialEquations>

  <fun:Algorithm>
    <fun:Assign>
      <exp:Identifier>
        <exp:QualifiedNamePart name="monitorr"/>
        <exp:QualifiedNamePart name="y"/>
      </exp:Identifier>
      <fun:Expression>
        <exp:Pre>
          <exp:Identifier>
            <exp:QualifiedNamePart name="monitorr"/>
            <exp:QualifiedNamePart name="y"/>
          </exp:Identifier>
        </exp:Pre>
      </fun:Expression>
    </fun:Assign>
    <fun:Assign>
      <exp:Identifier>
        <exp:QualifiedNamePart name="$whenCondition2"/>
      </exp:Identifier>
      <fun:Expression>
        <exp:Pre>
          <exp:Identifier>
            <exp:QualifiedNamePart name="$whenCondition2"/>
          </exp:Identifier>
        </exp:Pre>
      </fun:Expression>
    </fun:Assign>
    <fun:Assign>
      <exp:Identifier>
        <exp:QualifiedNamePart name="$whenCondition2"/>
      </exp:Identifier>
      <fun:Expression>
        <exp:And>
          <exp:Identifier>
            <exp:QualifiedNamePart name="monitorr"/>
            <exp:QualifiedNamePart name="z"/>
          </exp:Identifier>
          <exp:Not>
            <exp:Pre>
              <exp:Identifier>
                <exp:QualifiedNamePart name="monitorr"/>
                <exp:QualifiedNamePart name="z"/>
              </exp:Identifier>
            </exp:Pre>
          </exp:Not>
        </exp:And>
      </fun:Expression>
    </fun:Assign>
    <fun:When>
      <fun:Condition>
        <exp:Identifier>
          <exp:QualifiedNamePart name="$whenCondition2"/>
        </exp:Identifier>
      </fun:Condition>
      <fun:Statements>
        <fun:Assign>
          <exp:Identifier>
            <exp:QualifiedNamePart name="monitorr"/>
            <exp:QualifiedNamePart name="y"/>
          </exp:Identifier>
          <fun:Expression>
            <exp:BooleanLiteral>1</exp:BooleanLiteral>
          </fun:Expression>
        </fun:Assign>
      </fun:Statements>
  </fun:Algorithm>

  <fun:RecordsList>
  </fun:RecordsList>

  <fun:FunctionsList>
    <fun:Function>
      <fun:Name>
        <exp:QualifiedNamePart name="$DER$$Pad"/>
      </fun:Name>
      <fun:OutputVariable type="Real">
        <fun:Name>
          <exp:QualifiedNamePart name="_omcQ_24_24Pad_24funDERy"/>
        </fun:Name>
      </fun:OutputVariable>
      <fun:InputVariable type="Real">
        <fun:Name>
          <exp:QualifiedNamePart name="Delta"/>
        </fun:Name>
      </fun:InputVariable>
      <fun:InputVariable type="Real">
        <fun:Name>
          <exp:QualifiedNamePart name="LoVal"/>
        </fun:Name>
      </fun:InputVariable>
      <fun:InputVariable type="Real">
        <fun:Name>
          <exp:QualifiedNamePart name="HiVal"/>
        </fun:Name>
      </fun:InputVariable>
      <fun:InputVariable type="Real">
        <fun:Name>
          <exp:QualifiedNamePart name="x"/>
        </fun:Name>
      </fun:InputVariable>
      <fun:InputVariable type="Real">
        <fun:Name>
          <exp:QualifiedNamePart name="_omcQ_24_24Pad_24funDERDelta"/>
        </fun:Name>
      </fun:InputVariable>
      <fun:InputVariable type="Real">
        <fun:Name>
          <exp:QualifiedNamePart name="_omcQ_24_24Pad_24funDERLoVal"/>
        </fun:Name>
      </fun:InputVariable>
      <fun:InputVariable type="Real">
        <fun:Name>
          <exp:QualifiedNamePart name="_omcQ_24_24Pad_24funDERHiVal"/>
        </fun:Name>
      </fun:InputVariable>
      <fun:InputVariable type="Real">
        <fun:Name>
          <exp:QualifiedNamePart name="_omcQ_24_24Pad_24funDERx"/>
        </fun:Name>
      </fun:InputVariable>
      <fun:Algorithm>
        <fun:If>
          <fun:Condition>
            <exp:LogLeq>
              <exp:Identifier>
                <exp:QualifiedNamePart name="x"/>
              </exp:Identifier>
              <exp:Identifier>
                <exp:QualifiedNamePart name="LoVal"/>
              </exp:Identifier>
            </exp:LogLeq>
          </fun:Condition>
          <fun:Statements>
            <fun:Assign>
              <exp:Identifier>
                <exp:QualifiedNamePart name="y"/>
              </exp:Identifier>
              <fun:Expression>
                <exp:Identifier>
                  <exp:QualifiedNamePart name="LoVal"/>
                </exp:Identifier>
              </fun:Expression>
            </fun:Assign>
            <fun:Assign>
              <exp:Identifier>
                <exp:QualifiedNamePart name="$$Pad$funDERy"/>
              </exp:Identifier>
              <fun:Expression>
                <exp:Identifier>
                  <exp:QualifiedNamePart name="$$Pad$funDERLoVal"/>
                </exp:Identifier>
              </fun:Expression>
            </fun:Assign>
          </fun:Statements>
          <fun:Else>
            <fun:If>
              <fun:Condition>
                <exp:LogGeq>
                  <exp:Identifier>
                    <exp:QualifiedNamePart name="x"/>
                  </exp:Identifier>
                  <exp:Identifier>
                    <exp:QualifiedNamePart name="HiVal"/>
                  </exp:Identifier>
                </exp:LogGeq>
              </fun:Condition>
              <fun:Statements>
                <fun:Assign>
                  <exp:Identifier>
                    <exp:QualifiedNamePart name="y"/>
                  </exp:Identifier>
                  <fun:Expression>
                    <exp:Identifier>
                      <exp:QualifiedNamePart name="HiVal"/>
                    </exp:Identifier>
                  </fun:Expression>
                </fun:Assign>
                <fun:Assign>
                  <exp:Identifier>
                    <exp:QualifiedNamePart name="$$Pad$funDERy"/>
                  </exp:Identifier>
                  <fun:Expression>
                    <exp:Identifier>
                      <exp:QualifiedNamePart name="$$Pad$funDERHiVal"/>
                    </exp:Identifier>
                  </fun:Expression>
                </fun:Assign>
              </fun:Statements>
              <fun:Else>
                <fun:Assign>
                  <exp:Identifier>
                    <exp:QualifiedNamePart name="y"/>
                  </exp:Identifier>
                  <fun:Expression>
                    <exp:Mul>
                      <exp:Identifier>
                        <exp:QualifiedNamePart name="Delta"/>
                      </exp:Identifier>
                      <exp:floor>
                        <exp:Add>
                          <exp:RealLiteral>0.5</exp:RealLiteral>
                          <exp:Div>
                            <exp:Identifier>
                              <exp:QualifiedNamePart name="x"/>
                            </exp:Identifier>
                            <exp:Identifier>
                              <exp:QualifiedNamePart name="Delta"/>
                            </exp:Identifier>
                          </exp:Div>
                        </exp:Add>
                      </exp:floor>
                    </exp:Mul>
                  </fun:Expression>
                </fun:Assign>
                <fun:Assign>
                  <exp:Identifier>
                    <exp:QualifiedNamePart name="$$Pad$funDERy"/>
                  </exp:Identifier>
                  <fun:Expression>
                    <exp:Mul>
                      <exp:Identifier>
                        <exp:QualifiedNamePart name="$$Pad$funDERDelta"/>
                      </exp:Identifier>
                      <exp:floor>
                        <exp:Add>
                          <exp:RealLiteral>0.5</exp:RealLiteral>
                          <exp:Div>
                            <exp:Identifier>
                              <exp:QualifiedNamePart name="x"/>
                            </exp:Identifier>
                            <exp:Identifier>
                              <exp:QualifiedNamePart name="Delta"/>
                            </exp:Identifier>
                          </exp:Div>
                        </exp:Add>
                      </exp:floor>
                    </exp:Mul>
                  </fun:Expression>
                </fun:Assign>
              </fun:Else>
            </fun:If>
          </fun:Else>
        </fun:If>
      </fun:Algorithm>
    </fun:Function> 

    <fun:Function>
      <fun:Name>
        <exp:QualifiedNamePart name="ad"/>
      </fun:Name>
      <fun:OutputVariable type="Real">
        <fun:Name>
          <exp:QualifiedNamePart name="y"/>
        </fun:Name>
      </fun:OutputVariable>
      <fun:InputVariable type="Real">
        <fun:Name>
          <exp:QualifiedNamePart name="Delta"/>
        </fun:Name>
      </fun:InputVariable>
      <fun:InputVariable type="Real">
        <fun:Name>
          <exp:QualifiedNamePart name="LoVal"/>
        </fun:Name>
      </fun:InputVariable>
      <fun:InputVariable type="Real">
        <fun:Name>
          <exp:QualifiedNamePart name="HiVal"/>
        </fun:Name>
      </fun:InputVariable>
      <fun:InputVariable type="Real">
        <fun:Name>
          <exp:QualifiedNamePart name="x"/>
        </fun:Name>
      </fun:InputVariable>
      <fun:Algorithm>
        <fun:If>
          <fun:Condition>
            <exp:LogLeq>
              <exp:Identifier>
                <exp:QualifiedNamePart name="x"/>
              </exp:Identifier>
              <exp:Identifier>
                <exp:QualifiedNamePart name="LoVal"/>
              </exp:Identifier>
            </exp:LogLeq>
          </fun:Condition>
          <fun:Statements>
            <fun:Assign>
              <exp:Identifier>
                <exp:QualifiedNamePart name="y"/>
              </exp:Identifier>
              <fun:Expression>
                <exp:Identifier>
                  <exp:QualifiedNamePart name="LoVal"/>
                </exp:Identifier>
              </fun:Expression>
            </fun:Assign>
          </fun:Statements>
          <fun:Else>
            <fun:If>
              <fun:Condition>
                <exp:LogGeq>
                  <exp:Identifier>
                    <exp:QualifiedNamePart name="x"/>
                  </exp:Identifier>
                  <exp:Identifier>
                    <exp:QualifiedNamePart name="HiVal"/>
                  </exp:Identifier>
                </exp:LogGeq>
              </fun:Condition>
              <fun:Statements>
                <fun:Assign>
                  <exp:Identifier>
                    <exp:QualifiedNamePart name="y"/>
                  </exp:Identifier>
                  <fun:Expression>
                    <exp:Identifier>
                      <exp:QualifiedNamePart name="HiVal"/>
                    </exp:Identifier>
                  </fun:Expression>
                </fun:Assign>
              </fun:Statements>
              <fun:Else>
                <fun:Assign>
                  <exp:Identifier>
                    <exp:QualifiedNamePart name="y"/>
                  </exp:Identifier>
                  <fun:Expression>
                    <exp:Mul>
                      <exp:Identifier>
                        <exp:QualifiedNamePart name="Delta"/>
                      </exp:Identifier>
                      <exp:floor>
                        <exp:Add>
                          <exp:RealLiteral>0.5</exp:RealLiteral>
                          <exp:Div>
                            <exp:Identifier>
                              <exp:QualifiedNamePart name="x"/>
                            </exp:Identifier>
                            <exp:Identifier>
                              <exp:QualifiedNamePart name="Delta"/>
                            </exp:Identifier>
                          </exp:Div>
                        </exp:Add>
                      </exp:floor>
                    </exp:Mul>
                  </fun:Expression>
                </fun:Assign>
              </fun:Else>
            </fun:If>
          </fun:Else>
        </fun:If>
      </fun:Algorithm>
    </fun:Function> 
  </fun:FunctionsList>

  <opt:Optimization>
    <opt:TimePoints>
      <opt:TimePoint  >
      </opt:TimePoint>
    </opt:TimePoints>
    <opt:PathConstraints>
    </opt:PathConstraints>
  </opt:Optimization>

</OpenModelicaModelDescription>